{
  "SelectedUser": "",
  "SelectedJob": "",
  "General_Issues": {
    "EmployeeOrientation": "yes",
    "EmployeeOrientationComment": "",
    "Permits": "no",
    "PermitsComment": "",
    "OSHA_Forms": "yes",
    "OSHA_Comment": "",
    "EmergencyNumbers": "yes",
    "EmergencyNumbersComment": "",
    "Paperwork": "yes",
    "PaperworkComment": "",
    "MusterPoint": "yes",
    "MusterPointComment": "",
    "SDS_Sheets": "yes",
    "SDS_SheetsComment": "",
    "FirstAidPerson": "yes",
    "FirstAidPersonComment": "",
    "FirstAidKits":"yes",
    "FirstAidKitsComment":"",
    "ExtensionCords": "yes",
    "ExtensionCordsComment": "",
    "GroundFaultCircuit": "yes",
    "GroundFaultCircuitComment": ""
  },
  "Housekeeping": {
    "Waste": "yes",
    "WasteComment": "",
    "Passageways": "yes",
    "PassagewaysComment": "",
    "Nails": "yes",
    "NailsComment": "",
    "Spills": "yes",
    "SpillsComment": "",
    "Materials": "yes",
    "MaterialsComment": "",
    "Housekeeping": "yes",
    "HousekeepingComment": "",
    "Lighting": "yes",
    "LightingComment": "",
    "Bulb_breakage": "yes",
    "Bulb_breakageComment": "",
    "Hazards_container": "yes",
    "Hazards_containerComment": "",
    "FloorOpenings": "yes",
    "FloorOpeningsComment": ""
  },
  "Fire_Prevention": {
    "FireExtinguishersAdequate": "yes",
    "FireExtinguishersAdequateComment": "",
    "FireExtinguisherInspections": "yes",
    "FireExtinguisherInspectionsComment": "",
    "FireExtinguisherTraining": "yes",
    "FireExtinguisherTrainingComment": "",
    "FireExtinguisherEquipment": "yes",
    "FireExtinguisherEquipmentComment": "",
    "FlamableLiquids": "yes",
    "FlamableLiquidsComment": "",
    "EvacuationPlan": "yes",
    "EvacuationPlanComment": "",
    "NoSmoking": "yes",
    "NoSmokingComment": "",
    "ProperTools": "yes",
    "ProperToolsComment": "",
    "ToolsInspected": "yes",
    "ToolsInspectedComment": "",
    "ToolStorage": "yes",
    "ToolStorageComment": "",
    "DefectiveTools": "yes",
    "DefectiveToolsComment": "",
    "ToolGuards": "yes",
    "ToolGuardsComment": "",
    "Cords": "yes",
    "CordsComment": "",
    "ToolTraining": "yes",
    "ToolTrainingComment": "",
    "Grounding": "yes",
    "GroundingComment": "",
    "UnauthorizedUse": "yes",
    "UnauthorizedUseComment": ""
  },
  "PPE": {
    "PPE": "yes",
    "PPEComment": "",
    "Visibility": "yes",
    "VisibilityComment": "",
    "PPE_Training": "yes",
    "PPE_TrainingComment": "",
    "PPE_Inspection": "yes",
    "PPE_InspectionComment": "",
    "FallProtection": "yes",
    "FallProtectionComment": ""
  },
  "Ladders": {
    "LaddersSecured": "yes",
    "LaddersSecuredComment": "",
    "LadderHeight": "yes",
    "LadderHeightComment": "",
    "MissingRungs": "yes",
    "MissingRungsComment": "",
    "StepladdersOpen": "yes",
    "StepladdersOpenComment": "",
    "TopRungs": "yes",
    "TopRungsComment": ""
  },
  "Lockout": {
    "Locks": "yes",
    "LocksComment": "",
    "ElectricalPanels": "yes",
    "ElectricalPanelsComment": "",
    "CircuitBreakers": "yes",
    "CircuitBreakersComment": "",
    "MachineGuards": "yes",
    "MachineGuardsComment": ""
  },
  "ConfinedSpace": {
    "ConfinedSpaceTraining": "yes",
    "ConfinedSpaceTrainingComment": "",
    "ConfinedSpaceSigns": "yes",
    "ConfinedSpaceSignsComment": "",
    "ConfinedSpacePermits": "yes",
    "ConfinedSpacePermitsComment": "",
    "ConfinedSpacePPE": "yes",
    "ConfinedSpacePPEComment": "",
    "StandbyPerson": "yes",
    "StandbyPersonComment": ""
  },
  "Demolition": {
    "DemolitionPlan": "yes",
    "DemolitionPlanComment": "",
    "AdjacentStructures": "yes",
    "AdjacentStructuresComment": "",
    "Barricades": "yes",
    "BarricatesComment": "",
    "ClearSpace": "yes",
    "ClearSpaceComment": "",
    "Dust": "yes",
    "DustComment": "",
    "DemolitionPPE": "yes",
    "DemolitionPPEComment": "",
    "DemolitionFireProtection": "yes",
    "DemolitionFireProtectionComment": ""
  },
  "CrainsAndRigging": {
    "CrainInspection": "yes",
    "CrainInspectionComment": "",
    "OperatorTrained": "yes",
    "OperatorTrainedComment": "",
    "LoadChart": "yes",
    "LoadChartComment": "",
    "TagLines": "yes",
    "TagLinesComment": "",
    "Rigging": "yes",
    "RiggingComment": "",
    "Support": "yes",
    "SupportComment": "",
    "Outriggers": "yes",
    "OutriggersComment": "",
    "PowerLines": "yes",
    "PowerLinesComment": "",
    "Signalmen": "yes",
    "SignalmenComment": "",
    "Signals": "yes",
    "SignalsComment": "",
    "InspectionLogs": "yes",
    "InspectionLogsComment": "",
    "SwingRadius": "yes",
    "SwingRadiusComment": "",
    "Chokers": "yes",
    "ChokersComment": ""
  },
  "Scaffolding": {
    "ScaffoldErection": "yes",
    "ScaffoldErectionComment": "",
    "ScaffoldCompetentPerson": "yes",
    "ScaffoldCompetentPersonComment": "",
    "StructuralMembers": "yes",
    "StructuralMembersComment": "",
    "LockingPins": "yes",
    "LockingPinsComment": "",
    "ScaffoldFooting": "yes",
    "ScaffoldFootingComment": "",
    "ScaffoldsTied": "yes",
    "ScaffoldsTiedComment": "",
    "WorkingAreaDebris": "yes",
    "WorkingAreaDebrisComment": "",
    "FallingObjects": "yes",
    "FallingObjectsComment": "",
    "CrossBracing": "yes",
    "CrossBracingComment": "",
    "Guardrails": "yes",
    "GuardrailsComment": "",
    "Ropes": "yes",
    "RopesComment": "",
    "ScaffoldFallProtection": "yes",
    "ScaffoldFallProtectionComment": "",
    "SafeAccess": "yes",
    "SafeAccessComment": "",
    "ScaffoldInspection": "yes",
    "ScaffoldInspectionComment": "",
    "Planking": "yes",
    "PlankingComment": ""
  },
  "FallProtection": {
    "FallProtectionTraining": "yes",
    "FallProtectionTrainingComment": "",
    "FallProtectionPPE": "yes",
    "FallProtectionPPEComment": "",
    "FallProtectionInspection": "yes",
    "FallProtectionInspectionComment": "",
    "TiedOff": "yes",
    "TiedOffComment": ""
  },
  "Trenches": {
    "DebrisProtection": "yes",
    "DebrisProtectionComment": "",
    "TrenchCompetentPerson": "yes",
    "TrenchCompetentPersonComment": "",
    "UndergroundUtilities": "yes",
    "UndergroundUtilitiesComment": "",
    "Shoring": "yes",
    "ShoringComment": "",
    "TrenchEdge": "yes",
    "TrenchEdgeComment": "",
    "EquipmentDistance": "yes",
    "EquipmentDistanceComment": "",
    "TrenchLadders": "yes",
    "TrenchLaddersComment": "",
    "SufficientBarriers": "yes",
    "SufficientBarriersComment": "",
    "RebarCaps": "yes",
    "RebarCapsComment": ""
  },
  "Welding": {
    "HotWorkPermits": "yes",
    "HotWorkPermitsComment": "",
    "GasCylinders": "yes",
    "GasCylindersComment": "",
    "ValvesClosed": "yes",
    "ValvesClosedComment": "",
    "SeparatingDistance": "yes",
    "SeparatingDistanceComment": "",
    "FireExtNearby": "yes",
    "FireExtNearbyComment": "",
    "Hoses": "yes",
    "HosesComment": "",
    "DamagedEquipment": "yes",
    "DamagedEquipmentComment": ""
  },
  "Concrete_Construction": {
    "CementDust": "yes",
    "CementDustComment": "",
    "ExposedSkin": "yes",
    "ExposedSkinComment": "",
    "Runways": "yes",
    "RunwaysComment": "",
    "WallSupport": "yes",
    "WallSupportComment": "",
    "ReinforcingRods": "yes",
    "ReinforcingRodsComment": ""
  },
  "DateCreated": "09/05/2018",
  "DateChanged": "09/05/2018",
  "TimeZone":"",
  "Template": "",
  "Locked": "Locked",
  "Status": "Active",
  "Photos": [],
  "Signatures": ""
}