{
  "SelectedUser": "",
  "SelectedJob": "",
  "Location": "",
  "Purpose": "",
  "Supervisors": [
    {
      "Supervisor": "",
      "TypeCrew": "",
      "Phone": 0
    },
    {
      "Supervisor": "",
      "TypeCrew": "",
      "Phone": 0
    }
  ],
  "Duration": "",
  "CommProc": "",
  "RecueProc": "",
  "Lockout": {
    "Date": "",
    "Time": "",
    "NA": false
  },
  "Lines_Broken": {
    "Date": "",
    "Time": "",
    "NA": false
  },
  "Purge": {
    "Date": "",
    "Time": "",
    "NA": false
  },
  "Ventilation": {
    "Date": "",
    "Time": "",
    "NA": false
  },
  "Secure_Area": {
    "Date": "",
    "Time": "",
    "NA": false
  },
  "Lighting": {
    "Date": "",
    "Time": "",
    "NA": false
  },
  "Hot_Work_Permit": {
    "Date": "",
    "Time": "",
    "NA": false
  },
  "Fire_Extinguisher": {
    "Date": "",
    "Time": "",
    "NA": false
  },
  "Air_Respirator": {
    "Date": "",
    "Time": "",
    "NA": false
  },
  "Respirator_Air_Purifying": {
    "Date": "",
    "Time": "",
    "NA": false
  },
  "Protective_clothing": {
    "Date": "",
    "Time": "",
    "NA": false
  },
  "Full_body_harness": {
    "Date": "",
    "Time": "",
    "NA": false
  },
  "Emergency_escape": {
    "Date": "",
    "Time": "",
    "NA": false
  },
  "Lifelines": {
    "Date": "",
    "Time": "",
    "NA": false
  },
  "Standby_safely": {
    "Date": "",
    "Time": "",
    "NA": false
  },
  "Resuscitator_ihalator": {
    "Date": "",
    "Time": "",
    "NA": false
  },
  "Other_Items": [
    {
      "Time": "05:05",
      "ItemName": "",
      "Remarks": "",
      "Date": "10/17/2016"
    },
    {
      "Time": "22:05",
      "ItemName": "",
      "Remarks": "",
      "Date": "10/15/2016"
    }
  ],
  "OxygenAmts": [
    {
      "Level": "",
      "Time": "22:05"
    },
    {
      "Level": "",
      "Time": "22:05"
    }
  ],
  "LEL_Amts": [
    {
      "Level": "",
      "Time": "22:05"
    },
    {
      "Level": "",
      "Time": "22:05"
    }
  ],
  "Additional_Toxins": [
    {
      "Toxin": "",
      "PEL": "",
      "STEL": "",
      "Time_level": [
        {
          "Level": "",
          "Time": "22:05"
        },
        {
          "Level": "",
          "Time": "22:05"
        }
      ]
    }
  ],
  "Remarks1": "",
  "AirTesterData": [
    {
      "Name": "tesster",
      "Model": "1\n2",
      "IdNumber": "99",
      "Serial": "3\n4",
      "Instrument": "inst 1\ninst 2"
    }
  ],
  "Attendents": [
    {
      "AttendantName": "Jimm",
      "IdNumber": "999"
    }
  ],
  "Entrants":[{"IdNumber":"889","EntrantName":"Paul"}],
  "Remarks2": "",
  "PhoneAmbulance":123,
  "PhoneFire":123,
  "PhoneSafety":123,
  "PhoneRescue":123,
  "PhoneOther":123,
  "SubmittedBy":"",
  "ApprovedBy":"",
  "DateCreated": "09/05/2018",
  "DateChanged": "09/05/2018",
  "TimeZone":"",
  "Template": "",
  "Locked": "Locked",
  "Status": "Active",
  "Photos": [],
  "Signatures": ""
}