{
  "SelectedUser":"",
  "SelectedJob":"",
  "SDS": true,
  "HouseKeeping": false,
  "PPE": true,
  "HandSafety": false,
  "Tools": false,
  "ConfinedSpaces": false,
  "Lifts": false,
  "FallProtection": false,
  "HotWork": false,
  "Ladders": false,
  "Scaffolding": false,
  "Lockout": false,
  "Electricity": false,
  "Falls": false,
  "Backs": false,
  "PinchPoints": false,
  "FallingObjects": false,
  "Shock": false,
  "Sprains": false,
  "HazardousMaterials": false,
  "Cuts": false,
  "Slips": false,
  "Eyes": false,
  "Hearing": false,
  "Fires": false,
  "Burns": false,
  "Note": "test note",
  "DateCreated": "09/05/2018",
  "DateChanged": "09/05/2018",
  "TimeZone":"",
  "Template":"",
  "Locked":"Locked",
  "Status":"Active",
  "Photos": [],
  "Signatures": []
}